 [
  {
  "name": "Avalon Havan",
  "friendly": "avalon",
  "birthday": "April 22, 2003",
  "image": "https://buckeyethon.osu.edu/posts/images/f_img_blank_120151023081540Avalon%20(2).png"
  },
  {
  "name": "Carter Davis",
  "friendly": "carter",
  "birthday": "December 6, 2005",
  "image": "https://buckeyethon.osu.edu/posts/images/f_img_blank_120151025144133redheart.jpg"
  },
  {
  "name": "Corbin Norrod",
  "friendly": "corbin",
  "birthday": "October 21, 2012",
  "image": "https://buckeyethon.osu.edu/posts/images/f_img_blank_120151023081649Corbin%20(2).png"
  },
  {
  "name": "Devin Piatt",
  "friendly": "devin",
  "birthday": "July 19, 2007",
  "image": "https://buckeyethon.osu.edu/posts/images/f_img_blank_120151025144133redheart.jpg"
  },
  {
  "name": "Dominic Clarke",
  "friendly": "dominic",
  "birthday": "April 3, 2008",
  "image": "https://buckeyethon.osu.edu/posts/images/f_img_blank_120151025150607Dominic.png"
  },
  {
  "name": "Gaven Medovich",
  "friendly": "gaven",
  "birthday": "November 3, 2002",
  "image": "https://buckeyethon.osu.edu/posts/images/f_img_blank_120151023081730Gaven%20(2).png"
  },
  {
  "name": "Hailey Ell",
  "friendly": "hailey",
  "birthday": "August 13, 2007",
  "image": "https://buckeyethon.osu.edu/posts/images/f_img_blank_120151023081811Hailey%20(2).png"
  },
  {
  "name": "Hayden Laycock",
  "friendly": "hayden",
  "birthday": "July 4, 2008",
  "image": "https://buckeyethon.osu.edu/posts/images/f_img_blank_120151023081845Hayden%20(2).png"
  },
  {
  "name": "Josh Wade",
  "friendly": "josh",
  "birthday": "March 21, 2006",
  "image": "https://buckeyethon.osu.edu/posts/images/f_img_blank_120151025145816Josh.png"
  },
  {
  "name": "Kinley Strohl",
  "friendly": "kinley",
  "birthday": "June 8, 2005",
  "image": "https://buckeyethon.osu.edu/posts/images/f_img_blank_120151025150144Kinley.png"
  },
  {
  "name": "Luke Torres",
  "friendly": "luke",
  "birthday": "December 17, 2002",
  "image": "https://buckeyethon.osu.edu/posts/images/f_img_blank_120151025150449Luke.png"
  },
  {
  "name": "Malachi Revercomb",
  "friendly": "malachi",
  "birthday": "May 12, 2005",
  "image": "https://buckeyethon.osu.edu/posts/images/f_img_blank_120151023081921Malachi%20(2).png"
  },
  {
  "name": "Mordekai Snouffer",
  "friendly": "mordekai",
  "birthday": "August 16, 2010",
  "image": "https://buckeyethon.osu.edu/posts/images/f_img_blank_120151025150330KaiKai.png"
  },
  {
  "name": "Regan Corbin",
  "friendly": "regan",
  "birthday": "August 23, 2010",
  "image": "https://buckeyethon.osu.edu/posts/images/f_img_blank_120151025144931ReganCorbin%20(2).png"
  },
  {
  "name": "Reid Zupanc",
  "friendly": "reid",
  "birthday": "January 22, 2007",
  "image": "https://buckeyethon.osu.edu/posts/images/f_img_blank_120151025144133redheart.jpg"
  },
  {
  "name": "Rylee Cavins",
  "friendly": "rylee",
  "birthday": "February 19, 2000",
  "image": "https://buckeyethon.osu.edu/posts/images/f_img_blank_120151023082043Rylee%20(2).png"
  },
  {
  "name": "Sean Tibbs",
  "friendly": "sean",
  "birthday": "May 4, 2003",
  "image": "https://buckeyethon.osu.edu/posts/images/f_img_blank_120151023082118Sean%20(2).png"
  }
  ]
