[
        {
            "x": 0.029,
            "y": 0.027,
            "width": 0.554,
            "height": 0.215
        },
        {
            "x": 0.587,
            "y": 0.027,
            "width": 0.384,
            "height": 0.215
        },
        {
            "x": 0.029,
            "y": 0.244,
            "width": 0.312,
            "height": 0.244
        },
        {
            "x": 0.344,
            "y": 0.244,
            "width": 0.312,
            "height": 0.244
        },
        {
            "x": 0.659,
            "y": 0.244,
            "width": 0.312,
            "height": 0.244
        },
        {
            "x": 0.029,
            "y": 0.490,
            "width": 0.941,
            "height": 0.215
        }
    ]
