[
        {
            "x": 0.029,
            "y": 0.027,
            "width": 0.469,
            "height": 0.433
        },
        {
            "x": 0.501,
            "y": 0.027,
            "width": 0.469,
            "height": 0.433
        },
        {
            "x": 0.029,
            "y": 0.462,
            "width": 0.312,
            "height": 0.244
        },
        {
            "x": 0.344,
            "y": 0.462,
            "width": 0.312,
            "height": 0.244
        },
        {
            "x": 0.659,
            "y": 0.462,
            "width": 0.312,
            "height": 0.244
        }
    ]

